{
  "project_info": {
    "project_number": "747594409319",
    "project_id": "hpchatapplication",
    "storage_bucket": "hpchatapplication.appspot.com"
  },
  "client": [
    {
      "client_info": {
        "mobilesdk_app_id": "1:747594409319:android:49d81be9517b4d007b3bc2",
        "android_client_info": {
          "package_name": "performance.com.ng.chat"
        }
      },
      "oauth_client": [
        {
          "client_id": "747594409319-bknk25nigla0q8nts5flnhdjbeqcp694.apps.googleusercontent.com",
          "client_type": 3
        }
      ],
      "api_key": [
        {
          "current_key": "AIzaSyA4tNkFDVFOyFal7ZnCmfDgUiQwV7YnTpI"
        }
      ],
      "services": {
        "appinvite_service": {
          "other_platform_oauth_client": [
            {
              "client_id": "747594409319-bknk25nigla0q8nts5flnhdjbeqcp694.apps.googleusercontent.com",
              "client_type": 3
            }
          ]
        }
      }
    }
  ],
  "configuration_version": "1"
}